Year,Months,Location,Personal Injury Accidents,Serious Accidents (Material Damage),Other Accidents (Intoxication),Other Accidents (Material Damage),Total Accidents
2011,January,Inside built-up areas,10595.0,3893.0,970.0,114745.0,130203.0
2011,January,Outside built-up areas (excl. motorways/freeways),4995.0,2137.0,181.0,31161.0,38474.0
2011,January,On motorways/freeways,1250.0,1094.0,45.0,8985.0,11374.0
2011,January,Total,16840.0,7124.0,1196.0,154891.0,180051.0
2011,February,Inside built-up areas,11008.0,3548.0,889.0,105064.0,120509.0
2011,February,Outside built-up areas (excl. motorways/freeways),4405.0,1728.0,164.0,26721.0,33018.0
2011,February,On motorways/freeways,1166.0,925.0,37.0,7995.0,10123.0
2011,February,Total,16579.0,6201.0,1090.0,139780.0,163650.0
2011,March,Inside built-up areas,15402.0,3871.0,1000.0,120772.0,141045.0
2011,March,Outside built-up areas (excl. motorways/freeways),5353.0,1462.0,126.0,26923.0,33864.0
2011,March,On motorways/freeways,1314.0,651.0,45.0,9046.0,11056.0
2011,March,Total,22069.0,5984.0,1171.0,156741.0,185965.0
2011,April,Inside built-up areas,18853.0,6791.0,1460.0,27104.0,3701.0
2011,April,Outside built-up areas (excl. motorways/freeways),1409.0,707.0,5817.0,1110.0,135.0
2011,April,On motorways/freeways,53.0,1298.0,120344.0,30040.0,9845.0
2011,April,Total,160229.0,144008.0,38375.0,12065.0,194448.0
2011,May,Inside built-up areas,22913.0,7236.0,1586.0,31735.0,3894.0
2011,May,Outside built-up areas (excl. motorways/freeways),1549.0,758.0,6201.0,1154.0,141.0
2011,May,On motorways/freeways,56.0,1351.0,128768.0,33007.0,10747.0
2011,May,Total,172522.0,156729.0,41933.0,13147.0,211809.0
2011,June,Inside built-up areas,19974.0,7137.0,1688.0,28799.0,3806.0
2011,June,Outside built-up areas (excl. motorways/freeways),1604.0,1024.0,6434.0,1242.0,192.0
2011,June,On motorways/freeways,59.0,1493.0,119026.0,27642.0,10405.0
2011,June,Total,157073.0,144048.0,36575.0,13176.0,193799.0
2011,July,Inside built-up areas,19058.0,7014.0,1668.0,27740.0,3900.0
2011,July,Outside built-up areas (excl. motorways/freeways),1656.0,1139.0,6695.0,1245.0,163.0
2011,July,On motorways/freeways,59.0,1467.0,120585.0,29794.0,10885.0
2011,July,Total,161264.0,144788.0,38627.0,13751.0,197166.0
2011,August,Inside built-up areas,19584.0,7274.0,1725.0,28583.0,3713.0
2011,August,Outside built-up areas (excl. motorways/freeways),1532.0,1075.0,6320.0,1252.0,161.0
2011,August,On motorways/freeways,58.0,1471.0,119769.0,27814.0,10566.0
2011,August,Total,158149.0,144318.0,36781.0,13424.0,194523.0
2011,September,Inside built-up areas,21328.0,7451.0,1715.0,30494.0,3930.0
2011,September,Outside built-up areas (excl. motorways/freeways),1637.0,970.0,6537.0,1140.0,176.0
2011,September,On motorways/freeways,56.0,1372.0,126945.0,28074.0,10546.0
2011,September,Total,165565.0,153343.0,37338.0,13287.0,203968.0
2011,October,Inside built-up areas,19249.0,7282.0,1810.0,28341.0,4619.0
2011,October,Outside built-up areas (excl. motorways/freeways),1979.0,978.0,7576.0,1261.0,185.0
2011,October,On motorways/freeways,64.0,1510.0,133558.0,34717.0,11526.0
2011,October,Total,179801.0,158687.0,44163.0,14378.0,217228.0
2011,November,Inside built-up areas,16253.0,5974.0,1362.0,23589.0,4368.0
2011,November,Outside built-up areas (excl. motorways/freeways),1942.0,739.0,7049.0,1106.0,163.0
2011,November,On motorways/freeways,45.0,1314.0,127058.0,34881.0,9535.0
2011,November,Total,171474.0,148785.0,42960.0,11681.0,203426.0
2011,December,Inside built-up areas,16210.0,6637.0,1546.0,24393.0,5192.0
2011,December,Outside built-up areas (excl. motorways/freeways),2841.0,1516.0,9549.0,1258.0,207.0
2011,December,On motorways/freeways,63.0,1528.0,133942.0,35278.0,10734.0
2011,December,Total,179954.0,156602.0,44963.0,13859.0,215424.0
2012,January,Inside built-up areas,13894.0,4447.0,1021.0,118538.0,137900.0
2012,January,Outside built-up areas (excl. motorways/freeways),5664.0,2291.0,187.0,33051.0,41193.0
2012,January,On motorways/freeways,1382.0,1357.0,52.0,9480.0,12271.0
2012,January,Total,20940.0,8095.0,1260.0,161069.0,191364.0
2012,February,Inside built-up areas,11741.0,4453.0,1020.0,114963.0,132177.0
2012,February,Outside built-up areas (excl. motorways/freeways),5050.0,2217.0,155.0,31143.0,38565.0
2012,February,On motorways/freeways,1271.0,1096.0,50.0,8492.0,10909.0
2012,February,Total,18062.0,7766.0,1225.0,154598.0,181651.0
2012,March,Inside built-up areas,16587.0,3603.0,1009.0,124861.0,146060.0
2012,March,Outside built-up areas (excl. motorways/freeways),5568.0,1529.0,135.0,29041.0,36273.0
2012,March,On motorways/freeways,1404.0,607.0,63.0,8636.0,10710.0
2012,March,Total,23559.0,5739.0,1207.0,162538.0,193043.0
2012,April,Inside built-up areas,15465.0,3713.0,1060.0,115332.0,135570.0
2012,April,Outside built-up areas (excl. motorways/freeways),5392.0,1392.0,144.0,32384.0,39312.0
2012,April,On motorways/freeways,1336.0,733.0,55.0,8963.0,11087.0
2012,April,Total,22193.0,5838.0,1259.0,156679.0,185969.0
2012,May,Inside built-up areas,21410.0,3743.0,1191.0,128259.0,154603.0
2012,May,Outside built-up areas (excl. motorways/freeways),7285.0,1504.0,158.0,36119.0,45066.0
2012,May,On motorways/freeways,1560.0,864.0,47.0,11499.0,13970.0
2012,May,Total,30255.0,6111.0,1396.0,175877.0,213639.0
2012,June,Inside built-up areas,20067.0,3803.0,1184.0,126141.0,151195.0
2012,June,Outside built-up areas (excl. motorways/freeways),6747.0,1504.0,188.0,30699.0,39138.0
2012,June,On motorways/freeways,1606.0,973.0,50.0,10290.0,12919.0
2012,June,Total,28420.0,6280.0,1422.0,167130.0,203252.0
2012,July,Inside built-up areas,19813.0,3804.0,1113.0,122414.0,147144.0
2012,July,Outside built-up areas (excl. motorways/freeways),7304.0,1703.0,159.0,32837.0,42003.0
2012,July,On motorways/freeways,1700.0,1060.0,45.0,10529.0,13334.0
2012,July,Total,28817.0,6567.0,1317.0,165780.0,202481.0
2012,August,Inside built-up areas,20568.0,3619.0,1198.0,118222.0,143607.0
2012,August,Outside built-up areas (excl. motorways/freeways),7343.0,1433.0,156.0,29886.0,38818.0
2012,August,On motorways/freeways,1627.0,831.0,63.0,10314.0,12835.0
2012,August,Total,29538.0,5883.0,1417.0,158422.0,195260.0
2012,September,Inside built-up areas,19762.0,3846.0,1204.0,119984.0,144796.0
2012,September,Outside built-up areas (excl. motorways/freeways),6943.0,1561.0,167.0,32135.0,40806.0
2012,September,On motorways/freeways,1567.0,880.0,56.0,9897.0,12400.0
2012,September,Total,28272.0,6287.0,1427.0,162016.0,198002.0
2012,October,Inside built-up areas,18420.0,4421.0,1126.0,131442.0,155409.0
2012,October,Outside built-up areas (excl. motorways/freeways),6597.0,1926.0,181.0,38269.0,46973.0
2012,October,On motorways/freeways,1645.0,1069.0,47.0,10985.0,13746.0
2012,October,Total,26662.0,7416.0,1354.0,180696.0,216128.0
2012,November,Inside built-up areas,16233.0,4354.0,1136.0,129262.0,150985.0
2012,November,Outside built-up areas (excl. motorways/freeways),5578.0,1893.0,173.0,38405.0,46049.0
2012,November,On motorways/freeways,1390.0,926.0,57.0,11035.0,13408.0
2012,November,Total,23201.0,7173.0,1366.0,178702.0,210442.0
2012,December,Inside built-up areas,12736.0,4765.0,1226.0,132993.0,151720.0
2012,December,Outside built-up areas (excl. motorways/freeways),5623.0,2657.0,201.0,37057.0,45538.0
2012,December,On motorways/freeways,1359.0,1570.0,66.0,10359.0,13354.0
2012,December,Total,19718.0,8992.0,1493.0,180409.0,210612.0
2013,January,Inside built-up areas,11296.0,4308.0,997.0,116083.0,132684.0
2013,January,Outside built-up areas (excl. motorways/freeways),5117.0,2226.0,170.0,37053.0,44566.0
2013,January,On motorways/freeways,1228.0,1366.0,52.0,9545.0,12191.0
2013,January,Total,17641.0,7900.0,1219.0,162681.0,189441.0
2013,February,Inside built-up areas,10194.0,4021.0,922.0,111354.0,126491.0
2013,February,Outside built-up areas (excl. motorways/freeways),4813.0,2392.0,162.0,32388.0,39755.0
2013,February,On motorways/freeways,1233.0,1365.0,45.0,9039.0,11682.0
2013,February,Total,16240.0,7778.0,1129.0,152781.0,177928.0
2013,March,Inside built-up areas,12220.0,4276.0,1021.0,127800.0,145317.0
2013,March,Outside built-up areas (excl. motorways/freeways),5320.0,2229.0,167.0,33099.0,40815.0
2013,March,On motorways/freeways,1529.0,1361.0,49.0,10181.0,13120.0
2013,March,Total,19069.0,7866.0,1237.0,171080.0,199252.0
2013,April,Inside built-up areas,15440.0,3506.0,1003.0,124019.0,143968.0
2013,April,Outside built-up areas (excl. motorways/freeways),5229.0,1307.0,142.0,30618.0,37296.0
2013,April,On motorways/freeways,1311.0,640.0,50.0,9184.0,11185.0
2013,April,Total,21980.0,5453.0,1195.0,163821.0,192449.0
2013,May,Inside built-up areas,17790.0,3877.0,1140.0,124726.0,147533.0
2013,May,Outside built-up areas (excl. motorways/freeways),5974.0,1503.0,160.0,35236.0,42873.0
2013,May,On motorways/freeways,1529.0,1004.0,61.0,10186.0,12780.0
2013,May,Total,25293.0,6384.0,1361.0,170148.0,203186.0
2013,June,Inside built-up areas,20777.0,3680.0,1075.0,127887.0,153419.0
2013,June,Outside built-up areas (excl. motorways/freeways),7146.0,1405.0,143.0,30773.0,39467.0
2013,June,On motorways/freeways,1705.0,934.0,50.0,9956.0,12645.0
2013,June,Total,29628.0,6019.0,1268.0,168616.0,205531.0
2013,July,Inside built-up areas,22886.0,3514.0,1114.0,129189.0,156703.0
2013,July,Outside built-up areas (excl. motorways/freeways),7835.0,1396.0,150.0,30268.0,39649.0
2013,July,On motorways/freeways,1790.0,741.0,58.0,10785.0,13374.0
2013,July,Total,32511.0,5651.0,1322.0,170242.0,209726.0
2013,August,Inside built-up areas,20036.0,3355.0,1179.0,117902.0,142472.0
2013,August,Outside built-up areas (excl. motorways/freeways),7449.0,1372.0,140.0,29979.0,38940.0
2013,August,On motorways/freeways,1752.0,826.0,39.0,10390.0,13007.0
2013,August,Total,29237.0,5553.0,1358.0,158271.0,194419.0
2013,September,Inside built-up areas,19185.0,3846.0,1176.0,127159.0,151366.0
2013,September,Outside built-up areas (excl. motorways/freeways),6759.0,1623.0,150.0,30612.0,39144.0
2013,September,On motorways/freeways,1666.0,966.0,61.0,10559.0,13252.0
2013,September,Total,27610.0,6435.0,1387.0,168330.0,203762.0
2013,October,Inside built-up areas,18222.0,4235.0,1151.0,136170.0,159778.0
2013,October,Outside built-up areas (excl. motorways/freeways),6271.0,1787.0,158.0,35199.0,43415.0
2013,October,On motorways/freeways,1737.0,968.0,47.0,11261.0,14013.0
2013,October,Total,26230.0,6990.0,1356.0,182630.0,217206.0
2013,November,Inside built-up areas,16788.0,4445.0,1148.0,136328.0,158709.0
2013,November,Outside built-up areas (excl. motorways/freeways),5566.0,1900.0,211.0,37009.0,44686.0
2013,November,On motorways/freeways,1535.0,931.0,57.0,10724.0,13247.0
2013,November,Total,23889.0,7276.0,1416.0,184061.0,216642.0
2013,December,Inside built-up areas,14816.0,4519.0,1051.0,130278.0,150664.0
2013,December,Outside built-up areas (excl. motorways/freeways),5524.0,2100.0,214.0,34290.0,42128.0
2013,December,On motorways/freeways,1437.0,900.0,51.0,9289.0,11677.0
2013,December,Total,21777.0,7519.0,1316.0,173857.0,204469.0
2014,January,Inside built-up areas,13379.0,4031.0,908.0,117663.0,135981.0
2014,January,Outside built-up areas (excl. motorways/freeways),4895.0,1900.0,145.0,30711.0,37651.0
2014,January,On motorways/freeways,1316.0,907.0,54.0,8767.0,11044.0
2014,January,Total,19590.0,6838.0,1107.0,157141.0,184676.0
2014,February,Inside built-up areas,12912.0,3380.0,872.0,112796.0,129960.0
2014,February,Outside built-up areas (excl. motorways/freeways),4589.0,1428.0,131.0,26377.0,32525.0
2014,February,On motorways/freeways,1240.0,600.0,56.0,8052.0,9948.0
2014,February,Total,18741.0,5408.0,1059.0,147225.0,172433.0
2014,March,Inside built-up areas,16852.0,3451.0,1030.0,129331.0,150664.0
2014,March,Outside built-up areas (excl. motorways/freeways),5579.0,1338.0,118.0,27803.0,34838.0
2014,March,On motorways/freeways,1488.0,613.0,47.0,9015.0,11163.0
2014,March,Total,23919.0,5402.0,1195.0,166149.0,196665.0
2014,April,Inside built-up areas,17364.0,3377.0,1012.0,125689.0,147442.0
2014,April,Outside built-up areas (excl. motorways/freeways),5896.0,1248.0,148.0,33148.0,40440.0
2014,April,On motorways/freeways,1562.0,737.0,41.0,9943.0,12283.0
2014,April,Total,24822.0,5362.0,1201.0,168780.0,200165.0
2014,May,Inside built-up areas,20025.0,3648.0,1092.0,134850.0,159615.0
2014,May,Outside built-up areas (excl. motorways/freeways),6926.0,1434.0,154.0,33085.0,41599.0
2014,May,On motorways/freeways,1627.0,944.0,42.0,10913.0,13526.0
2014,May,Total,28578.0,6026.0,1288.0,178848.0,214740.0
2014,June,Inside built-up areas,20379.0,3156.0,1058.0,123719.0,148312.0
2014,June,Outside built-up areas (excl. motorways/freeways),7120.0,1244.0,120.0,28573.0,37057.0
2014,June,On motorways/freeways,1586.0,673.0,47.0,10062.0,12368.0
2014,June,Total,29085.0,5073.0,1225.0,162354.0,197737.0
2014,July,Inside built-up areas,21098.0,3338.0,1106.0,132084.0,157626.0
2014,July,Outside built-up areas (excl. motorways/freeways),7573.0,1407.0,152.0,30357.0,39489.0
2014,July,On motorways/freeways,1892.0,1076.0,49.0,11724.0,14741.0
2014,July,Total,30563.0,5821.0,1307.0,174165.0,211856.0
2014,August,Inside built-up areas,17272.0,3114.0,1126.0,117030.0,138542.0
2014,August,Outside built-up areas (excl. motorways/freeways),6657.0,1359.0,165.0,29358.0,37539.0
2014,August,On motorways/freeways,1848.0,1016.0,61.0,10875.0,13800.0
2014,August,Total,25777.0,5489.0,1352.0,157263.0,189881.0
2014,September,Inside built-up areas,19200.0,3168.0,1040.0,126826.0,150234.0
2014,September,Outside built-up areas (excl. motorways/freeways),6677.0,1374.0,140.0,28150.0,36341.0
2014,September,On motorways/freeways,1603.0,927.0,44.0,10421.0,12995.0
2014,September,Total,27480.0,5469.0,1224.0,165397.0,199570.0
2014,October,Inside built-up areas,19160.0,3709.0,1113.0,135092.0,159074.0
2014,October,Outside built-up areas (excl. motorways/freeways),6778.0,1601.0,166.0,35077.0,43622.0
2014,October,On motorways/freeways,1727.0,897.0,49.0,11731.0,14404.0
2014,October,Total,27665.0,6207.0,1328.0,181900.0,217100.0
2014,November,Inside built-up areas,16762.0,3592.0,1084.0,132597.0,154035.0
2014,November,Outside built-up areas (excl. motorways/freeways),5550.0,1645.0,184.0,35535.0,42914.0
2014,November,On motorways/freeways,1480.0,657.0,56.0,10187.0,12380.0
2014,November,Total,23792.0,5894.0,1324.0,178319.0,209329.0
2014,December,Inside built-up areas,15215.0,4228.0,1069.0,137281.0,157793.0
2014,December,Outside built-up areas (excl. motorways/freeways),5676.0,2123.0,195.0,33604.0,41598.0
2014,December,On motorways/freeways,1532.0,1139.0,73.0,10398.0,13142.0
2014,December,Total,22423.0,7490.0,1337.0,181283.0,212533.0
2015,January,Inside built-up areas,13163.0,3650.0,901.0,125252.0,142966.0
2015,January,Outside built-up areas (excl. motorways/freeways),5273.0,1996.0,181.0,33721.0,41171.0
2015,January,On motorways/freeways,1456.0,1060.0,41.0,9730.0,12287.0
2015,January,Total,19892.0,6706.0,1123.0,168703.0,196424.0
2015,February,Inside built-up areas,11642.0,3227.0,809.0,114661.0,130339.0
2015,February,Outside built-up areas (excl. motorways/freeways),4463.0,1502.0,123.0,29251.0,35339.0
2015,February,On motorways/freeways,1250.0,746.0,54.0,8523.0,10573.0
2015,February,Total,17355.0,5475.0,986.0,152435.0,176251.0
2015,March,Inside built-up areas,14923.0,3272.0,880.0,133096.0,152171.0
2015,March,Outside built-up areas (excl. motorways/freeways),5258.0,1286.0,133.0,29325.0,36002.0
2015,March,On motorways/freeways,1489.0,695.0,48.0,9882.0,12114.0
2015,March,Total,21670.0,5253.0,1061.0,172303.0,200287.0
2015,April,Inside built-up areas,17444.0,3224.0,928.0,133888.0,155484.0
2015,April,Outside built-up areas (excl. motorways/freeways),5976.0,1306.0,140.0,33138.0,40560.0
2015,April,On motorways/freeways,1735.0,796.0,52.0,10583.0,13166.0
2015,April,Total,25155.0,5326.0,1120.0,177609.0,209210.0
2015,May,Inside built-up areas,18809.0,3276.0,1069.0,128203.0,151357.0
2015,May,Outside built-up areas (excl. motorways/freeways),6294.0,1214.0,147.0,35663.0,43318.0
2015,May,On motorways/freeways,1596.0,716.0,63.0,10781.0,13156.0
2015,May,Total,26699.0,5206.0,1279.0,174647.0,207831.0
2015,June,Inside built-up areas,21341.0,3095.0,993.0,134080.0,159509.0
2015,June,Outside built-up areas (excl. motorways/freeways),7366.0,1302.0,154.0,32146.0,40968.0
2015,June,On motorways/freeways,1707.0,807.0,57.0,10978.0,13549.0
2015,June,Total,30414.0,5204.0,1204.0,177204.0,214026.0
2015,July,Inside built-up areas,21841.0,3210.0,1090.0,136947.0,163088.0
2015,July,Outside built-up areas (excl. motorways/freeways),7951.0,1316.0,147.0,33056.0,42470.0
2015,July,On motorways/freeways,1929.0,816.0,67.0,11612.0,14424.0
2015,July,Total,31721.0,5342.0,1304.0,181615.0,219982.0
2015,August,Inside built-up areas,19436.0,3033.0,1170.0,125556.0,149195.0
2015,August,Outside built-up areas (excl. motorways/freeways),7650.0,1305.0,163.0,31243.0,40361.0
2015,August,On motorways/freeways,1892.0,832.0,73.0,11474.0,14271.0
2015,August,Total,28978.0,5170.0,1406.0,168273.0,203827.0
2015,September,Inside built-up areas,19173.0,3316.0,1032.0,135238.0,158759.0
2015,September,Outside built-up areas (excl. motorways/freeways),6800.0,1461.0,164.0,33507.0,41932.0
2015,September,On motorways/freeways,1857.0,884.0,57.0,11734.0,14532.0
2015,September,Total,27830.0,5661.0,1253.0,180479.0,215223.0
2015,October,Inside built-up areas,18079.0,3733.0,1079.0,142393.0,165284.0
2015,October,Outside built-up areas (excl. motorways/freeways),6583.0,1610.0,181.0,38132.0,46506.0
2015,October,On motorways/freeways,1850.0,849.0,59.0,12498.0,15256.0
2015,October,Total,26512.0,6192.0,1319.0,193023.0,227046.0
2015,November,Inside built-up areas,18230.0,3914.0,1072.0,143187.0,166403.0
2015,November,Outside built-up areas (excl. motorways/freeways),6339.0,1997.0,185.0,39033.0,47554.0
2015,November,On motorways/freeways,1780.0,1068.0,58.0,12235.0,15141.0
2015,November,Total,26349.0,6979.0,1315.0,194455.0,229098.0
2015,December,Inside built-up areas,15740.0,3759.0,1111.0,139754.0,160364.0
2015,December,Outside built-up areas (excl. motorways/freeways),5772.0,1784.0,196.0,36883.0,44635.0
2015,December,On motorways/freeways,1572.0,719.0,55.0,10281.0,12627.0
2015,December,Total,23084.0,6262.0,1362.0,186918.0,217626.0
2016,January,Inside built-up areas,12948.0,3867.0,978.0,124905.0,142698.0
2016,January,Outside built-up areas (excl. motorways/freeways),5368.0,2116.0,166.0,34205.0,41855.0
2016,January,On motorways/freeways,1553.0,1324.0,61.0,10621.0,13559.0
2016,January,Total,19869.0,7307.0,1205.0,169731.0,198112.0
2016,February,Inside built-up areas,12590.0,3260.0,854.0,121803.0,138507.0
2016,February,Outside built-up areas (excl. motorways/freeways),4597.0,1563.0,143.0,30239.0,36542.0
2016,February,On motorways/freeways,1412.0,855.0,56.0,9735.0,12058.0
2016,February,Total,18599.0,5678.0,1053.0,161777.0,187107.0
2016,March,Inside built-up areas,13410.0,3334.0,943.0,128372.0,146059.0
2016,March,Outside built-up areas (excl. motorways/freeways),5029.0,1505.0,133.0,30915.0,37582.0
2016,March,On motorways/freeways,1577.0,743.0,54.0,10278.0,12652.0
2016,March,Total,20016.0,5582.0,1130.0,169565.0,196293.0
2016,April,Inside built-up areas,17550.0,3463.0,1005.0,140439.0,162457.0
2016,April,Outside built-up areas (excl. motorways/freeways),5806.0,1357.0,145.0,37314.0,44622.0
2016,April,On motorways/freeways,1666.0,780.0,71.0,11676.0,14193.0
2016,April,Total,25022.0,5600.0,1221.0,189429.0,221272.0
2016,May,Inside built-up areas,19872.0,3292.0,1107.0,136331.0,160602.0
2016,May,Outside built-up areas (excl. motorways/freeways),7007.0,1334.0,156.0,36434.0,44931.0
2016,May,On motorways/freeways,1792.0,871.0,66.0,11942.0,14671.0
2016,May,Total,28671.0,5497.0,1329.0,184707.0,220204.0
2016,June,Inside built-up areas,21511.0,3366.0,1051.0,145003.0,170931.0
2016,June,Outside built-up areas (excl. motorways/freeways),6825.0,1398.0,140.0,31675.0,40038.0
2016,June,On motorways/freeways,2088.0,1158.0,72.0,12563.0,15881.0
2016,June,Total,30424.0,5922.0,1263.0,189241.0,226850.0
2016,July,Inside built-up areas,20599.0,3105.0,1115.0,135610.0,160429.0
2016,July,Outside built-up areas (excl. motorways/freeways),7513.0,1259.0,153.0,32418.0,41343.0
2016,July,On motorways/freeways,1883.0,866.0,63.0,12293.0,15105.0
2016,July,Total,29995.0,5230.0,1331.0,180321.0,216877.0
2016,August,Inside built-up areas,20621.0,3109.0,1190.0,130610.0,155530.0
2016,August,Outside built-up areas (excl. motorways/freeways),7801.0,1307.0,177.0,31770.0,41055.0
2016,August,On motorways/freeways,1856.0,784.0,61.0,12356.0,15057.0
2016,August,Total,30278.0,5200.0,1428.0,174736.0,211642.0
2016,September,Inside built-up areas,22389.0,3204.0,1158.0,139695.0,166446.0
2016,September,Outside built-up areas (excl. motorways/freeways),7466.0,1327.0,161.0,32893.0,41847.0
2016,September,On motorways/freeways,2000.0,773.0,64.0,12556.0,15393.0
2016,September,Total,31855.0,5304.0,1383.0,185144.0,223686.0
2016,October,Inside built-up areas,17698.0,3862.0,1174.0,139920.0,162654.0
2016,October,Outside built-up areas (excl. motorways/freeways),6563.0,1795.0,181.0,39120.0,47659.0
2016,October,On motorways/freeways,1897.0,900.0,71.0,12744.0,15612.0
2016,October,Total,26158.0,6557.0,1426.0,191784.0,225925.0
2016,November,Inside built-up areas,17292.0,4090.0,1083.0,152225.0,174690.0
2016,November,Outside built-up areas (excl. motorways/freeways),5810.0,1897.0,176.0,39972.0,47855.0
2016,November,On motorways/freeways,1774.0,899.0,79.0,13413.0,16165.0
2016,November,Total,24876.0,6886.0,1338.0,205610.0,238710.0
2016,December,Inside built-up areas,15206.0,4216.0,1115.0,141889.0,162426.0
2016,December,Outside built-up areas (excl. motorways/freeways),5481.0,1806.0,218.0,34997.0,42502.0
2016,December,On motorways/freeways,1695.0,853.0,78.0,11095.0,13721.0
2016,December,Total,22382.0,6875.0,1411.0,187981.0,218649.0
2017,January,Inside built-up areas,12421.0,4474.0,905.0,135463.0,153263.0
2017,January,Outside built-up areas (excl. motorways/freeways),5226.0,2341.0,166.0,36846.0,44579.0
2017,January,On motorways/freeways,1633.0,1331.0,36.0,10952.0,13952.0
2017,January,Total,19280.0,8146.0,1107.0,183261.0,211794.0
2017,February,Inside built-up areas,11619.0,3225.0,903.0,119205.0,134952.0
2017,February,Outside built-up areas (excl. motorways/freeways),4294.0,1380.0,119.0,28602.0,34395.0
2017,February,On motorways/freeways,1343.0,645.0,53.0,8784.0,10825.0
2017,February,Total,17256.0,5250.0,1075.0,156591.0,180172.0
2017,March,Inside built-up areas,16732.0,3564.0,959.0,146311.0,167566.0
2017,March,Outside built-up areas (excl. motorways/freeways),5539.0,1367.0,122.0,32654.0,39682.0
2017,March,On motorways/freeways,1660.0,717.0,66.0,11897.0,14340.0
2017,March,Total,23931.0,5648.0,1147.0,190862.0,221588.0
2017,April,Inside built-up areas,15213.0,3255.0,1053.0,129879.0,149400.0
2017,April,Outside built-up areas (excl. motorways/freeways),5502.0,1253.0,138.0,36260.0,43153.0
2017,April,On motorways/freeways,1584.0,751.0,55.0,11285.0,13675.0
2017,April,Total,22299.0,5259.0,1246.0,177424.0,206228.0
2017,May,Inside built-up areas,21232.0,3406.0,1168.0,149489.0,175295.0
2017,May,Outside built-up areas (excl. motorways/freeways),7096.0,1290.0,146.0,39435.0,47967.0
2017,May,On motorways/freeways,1818.0,961.0,78.0,13333.0,16190.0
2017,May,Total,30146.0,5657.0,1392.0,202257.0,239452.0
2017,June,Inside built-up areas,21758.0,3245.0,1081.0,141837.0,167921.0
2017,June,Outside built-up areas (excl. motorways/freeways),7373.0,1325.0,146.0,34508.0,43352.0
2017,June,On motorways/freeways,1867.0,939.0,65.0,12490.0,15361.0
2017,June,Total,30998.0,5509.0,1292.0,188835.0,226634.0
2017,July,Inside built-up areas,20212.0,3364.0,1155.0,137895.0,162626.0
2017,July,Outside built-up areas (excl. motorways/freeways),7450.0,1508.0,156.0,33947.0,43061.0
2017,July,On motorways/freeways,1984.0,1116.0,61.0,13130.0,16291.0
2017,July,Total,29646.0,5988.0,1372.0,184972.0,221978.0
2017,August,Inside built-up areas,19484.0,3098.0,1173.0,132409.0,156164.0
2017,August,Outside built-up areas (excl. motorways/freeways),7211.0,1352.0,169.0,32957.0,41689.0
2017,August,On motorways/freeways,1856.0,916.0,78.0,12603.0,15453.0
2017,August,Total,28551.0,5366.0,1420.0,177969.0,213306.0
2017,September,Inside built-up areas,18878.0,3451.0,1117.0,140795.0,164241.0
2017,September,Outside built-up areas (excl. motorways/freeways),6429.0,1510.0,159.0,35029.0,43127.0
2017,September,On motorways/freeways,1908.0,979.0,78.0,12687.0,15652.0
2017,September,Total,27215.0,5940.0,1354.0,188511.0,223020.0
2017,October,Inside built-up areas,18557.0,3858.0,1120.0,143719.0,167254.0
2017,October,Outside built-up areas (excl. motorways/freeways),6658.0,1669.0,199.0,40165.0,48691.0
2017,October,On motorways/freeways,1851.0,954.0,56.0,13035.0,15896.0
2017,October,Total,27066.0,6481.0,1375.0,196919.0,231841.0
2017,November,Inside built-up areas,17149.0,4058.0,1100.0,148891.0,171198.0
2017,November,Outside built-up areas (excl. motorways/freeways),5812.0,1912.0,200.0,43304.0,51228.0
2017,November,On motorways/freeways,1744.0,1067.0,63.0,12866.0,15740.0
2017,November,Total,24705.0,7037.0,1363.0,205061.0,238166.0
2017,December,Inside built-up areas,14307.0,4377.0,1167.0,144807.0,164658.0
2017,December,Outside built-up areas (excl. motorways/freeways),5576.0,2434.0,213.0,40552.0,48775.0
2017,December,On motorways/freeways,1680.0,1369.0,76.0,12361.0,15486.0
2017,December,Total,21563.0,8180.0,1456.0,197720.0,228919.0
2018,January,Inside built-up areas,13756.0,3577.0,924.0,132519.0,150776.0
2018,January,Outside built-up areas (excl. motorways/freeways),5138.0,1881.0,163.0,37136.0,44318.0
2018,January,On motorways/freeways,1587.0,1059.0,67.0,10882.0,13595.0
2018,January,Total,20481.0,6517.0,1154.0,180537.0,208689.0
2018,February,Inside built-up areas,11563.0,3471.0,854.0,124880.0,140768.0
2018,February,Outside built-up areas (excl. motorways/freeways),4622.0,1805.0,139.0,30486.0,37052.0
2018,February,On motorways/freeways,1452.0,824.0,53.0,10251.0,12580.0
2018,February,Total,17637.0,6100.0,1046.0,165617.0,190400.0
2018,March,Inside built-up areas,12797.0,3639.0,995.0,141809.0,159240.0
2018,March,Outside built-up areas (excl. motorways/freeways),5055.0,1857.0,66.0,33206.0,40305.0
2018,March,On motorways/freeways,1577.0,985.0,79.0,11305.0,13933.0
2018,March,Total,19429.0,6481.0,1248.0,186320.0,213478.0
2018,April,Inside built-up areas,18901.0,3261.0,1295.0,144892.0,168101.0
2018,April,Outside built-up areas (excl. motorways/freeways),6608.0,1225.0,79.0,34989.0,42991.0
2018,April,On motorways/freeways,1715.0,747.0,70.0,12206.0,14747.0
2018,April,Total,27224.0,5233.0,1420.0,192087.0,225839.0
2018,May,Inside built-up areas,21670.0,3147.0,1175.0,143516.0,169508.0
2018,May,Outside built-up areas (excl. motorways/freeways),7127.0,1231.0,79.0,36600.0,45124.0
2018,May,On motorways/freeways,1812.0,814.0,70.0,12684.0,15389.0
2018,May,Total,30609.0,5192.0,1381.0,192800.0,230021.0
2018,June,Inside built-up areas,22183.0,3118.0,1147.0,142354.0,168802.0
2018,June,Outside built-up areas (excl. motorways/freeways),6899.0,1276.0,70.0,32068.0,40396.0
2018,June,On motorways/freeways,1738.0,819.0,69.0,11998.0,14625.0
2018,June,Total,30820.0,5213.0,1350.0,186420.0,223823.0
2018,July,Inside built-up areas,21210.0,3017.0,1120.0,139542.0,164940.0
2018,July,Outside built-up areas (excl. motorways/freeways),7711.0,1258.0,140.0,34062.0,43171.0
2018,July,On motorways/freeways,1890.0,811.0,68.0,13200.0,15971.0
2018,July,Total,30811.0,5086.0,1358.0,186804.0,224082.0
2018,August,Inside built-up areas,19420.0,2876.0,1133.0,132676.0,156092.0
2018,August,Outside built-up areas (excl. motorways/freeways),7107.0,1209.0,157.0,34111.0,42588.0
2018,August,On motorways/freeways,1774.0,781.0,68.0,12488.0,15112.0
2018,August,Total,28301.0,4866.0,1362.0,179275.0,213792.0
2018,September,Inside built-up areas,20580.0,3190.0,1137.0,141096.0,165999.0
2018,September,Outside built-up areas (excl. motorways/freeways),7018.0,1310.0,149.0,34009.0,42494.0
2018,September,On motorways/freeways,1823.0,839.0,63.0,12639.0,15369.0
2018,September,Total,29421.0,5339.0,1280.0,187744.0,223862.0
2018,October,Inside built-up areas,19403.0,3561.0,1068.0,149149.0,173250.0
2018,October,Outside built-up areas (excl. motorways/freeways),7037.0,1585.0,158.0,38132.0,46912.0
2018,October,On motorways/freeways,1870.0,809.0,67.0,13360.0,16106.0
2018,October,Total,28310.0,5955.0,1363.0,198242.0,236268.0
2018,November,Inside built-up areas,16722.0,3658.0,1100.0,146873.0,168321.0
2018,November,Outside built-up areas (excl. motorways/freeways),5511.0,1697.0,149.0,39284.0,46641.0
2018,November,On motorways/freeways,1607.0,812.0,63.0,12085.0,14567.0
2018,November,Total,23840.0,6167.0,1280.0,186418.0,229529.0
2018,December,Inside built-up areas,14919.0,3946.0,1159.0,140474.0,216685.0
2018,December,Outside built-up areas (excl. motorways/freeways),5227.0,2008.0,195.0,34756.0,42186.0
2018,December,On motorways/freeways,1692.0,1058.0,63.0,11188.0,14001.0
2018,December,Total,21838.0,7012.0,1417.0,186418.0,216685.0
2019,January,Inside built-up areas,13213.0,4069.0,897.0,136588.0,154767.0
2019,January,Outside built-up areas (excl. motorways/freeways),5150.0,2225.0,139.0,36179.0,43693.0
2019,January,On motorways/freeways,1578.0,1356.0,57.0,11463.0,14454.0
2019,January,Total,19941.0,7650.0,1093.0,184230.0,212914.0
2019,February,Inside built-up areas,12929.0,3265.0,874.0,129338.0,146406.0
2019,February,Outside built-up areas (excl. motorways/freeways),4406.0,1322.0,168.0,30928.0,36824.0
2019,February,On motorways/freeways,1436.0,674.0,58.0,10446.0,12614.0
2019,February,Total,18771.0,5261.0,1100.0,170712.0,195844.0
2019,March,Inside built-up areas,14683.0,3520.0,1052.0,143435.0,162690.0
2019,March,Outside built-up areas (excl. motorways/freeways),5142.0,1469.0,71.0,33018.0,39794.0
2019,March,On motorways/freeways,1552.0,893.0,52.0,11372.0,13888.0
2019,March,Total,21377.0,5882.0,1288.0,187825.0,216372.0
2019,April,Inside built-up areas,16833.0,3041.0,1235.0,142216.0,163134.0
2019,April,Outside built-up areas (excl. motorways/freeways),5965.0,1198.0,53.0,39859.0,47161.0
2019,April,On motorways/freeways,1593.0,647.0,57.0,12306.0,14598.0
2019,April,Total,24391.0,4886.0,1323.0,194381.0,224893.0
2019,May,Inside built-up areas,18225.0,3359.0,1091.0,147980.0,170655.0
2019,May,Outside built-up areas (excl. motorways/freeways),6004.0,1374.0,165.0,40805.0,48362.0
2019,May,On motorways/freeways,1660.0,826.0,164.0,13014.0,15553.0
2019,May,Total,25889.0,5559.0,1358.0,201799.0,234570.0
2019,June,Inside built-up areas,21921.0,3030.0,1193.0,145698.0,171842.0
2019,June,Outside built-up areas (excl. motorways/freeways),7423.0,1318.0,165.0,33419.0,42325.0
2019,June,On motorways/freeways,1772.0,768.0,58.0,12121.0,14718.0
2019,June,Total,31116.0,5116.0,1388.0,191238.0,228885.0
2019,July,Inside built-up areas,20541.0,2966.0,1150.0,143083.0,167726.0
2019,July,Outside built-up areas (excl. motorways/freeways),7018.0,1260.0,173.0,36797.0,45239.0
2019,July,On motorways/freeways,1852.0,846.0,56.0,13039.0,15795.0
2019,July,Total,29411.0,5072.0,1318.0,192919.0,228760.0
2019,August,Inside built-up areas,19667.0,2850.0,1089.0,135021.0,158688.0
2019,August,Outside built-up areas (excl. motorways/freeways),7137.0,1215.0,172.0,32855.0,41373.0
2019,August,On motorways/freeways,1791.0,868.0,80.0,12290.0,15021.0
2019,August,Total,28595.0,4933.0,1402.0,180166.0,215082.0
2019,September,Inside built-up areas,19934.0,3217.0,1149.0,142199.0,166439.0
2019,September,Outside built-up areas (excl. motorways/freeways),6940.0,1491.0,178.0,36973.0,45577.0
2019,September,On motorways/freeways,1786.0,908.0,83.0,12620.0,15370.0
2019,September,Total,28660.0,5616.0,1410.0,191792.0,227386.0
2019,October,Inside built-up areas,18062.0,3674.0,202.0,150783.0,240343.0
2019,October,Outside built-up areas (excl. motorways/freeways),6418.0,1655.0,139.0,41611.0,49856.0
2019,October,On motorways/freeways,1791.0,1038.0,52.0,13909.0,16818.0
2019,October,Total,26271.0,6367.0,1451.0,206303.0,236826.0
2019,November,Inside built-up areas,16637.0,3760.0,1100.0,152302.0,173848.0
2019,November,Outside built-up areas (excl. motorways/freeways),5568.0,1716.0,165.0,40128.0,47590.0
2019,November,On motorways/freeways,1610.0,819.0,64.0,12876.0,15388.0
2019,November,Total,23815.0,6295.0,1280.0,205306.0,236826.0
2019,December,Inside built-up areas,14980.0,3818.0,1185.0,145991.0,223786.0
2019,December,Outside built-up areas (excl. motorways/freeways),5367.0,1886.0,195.0,36593.0,44048.0
2019,December,On motorways/freeways,1559.0,848.0,63.0,11293.0,13764.0
2019,December,Total,21906.0,6552.0,1417.0,193877.0,223786.0
2020,January,Inside built-up areas,13720.0,3395.0,914.0,126674.0,144703.0
2020,January,Outside built-up areas (excl. motorways/freeways),4761.0,1599.0,152.0,33966.0,40478.0
2020,January,On motorways/freeways,1483.0,766.0,64.0,10477.0,12790.0
2020,January,Total,19964.0,5760.0,1130.0,171117.0,197971.0
2020,February,Inside built-up areas,12367.0,3219.0,930.0,131499.0,148015.0
2020,February,Outside built-up areas (excl. motorways/freeways),4489.0,1671.0,167.0,32211.0,38538.0
2020,February,On motorways/freeways,1422.0,921.0,55.0,10053.0,12451.0
2020,February,Total,18278.0,5811.0,1152.0,173763.0,199004.0
2020,March,Inside built-up areas,10889.0,2641.0,854.0,108442.0,122826.0
2020,March,Outside built-up areas (excl. motorways/freeways),4104.0,1150.0,135.0,25764.0,31153.0
2020,March,On motorways/freeways,1043.0,600.0,57.0,7383.0,9083.0
2020,March,Total,16036.0,4391.0,1046.0,141589.0,163062.0
2020,April,Inside built-up areas,12319.0,2112.0,803.0,86916.0,102027.0
2020,April,Outside built-up areas (excl. motorways/freeways),4799.0,853.0,33.0,29725.0,35467.0
2020,April,On motorways/freeways,700.0,406.0,55.0,5584.0,6723.0
2020,April,Total,17818.0,3371.0,1124.0,122225.0,144217.0
2020,May,Inside built-up areas,15575.0,2409.0,918.0,107930.0,126832.0
2020,May,Outside built-up areas (excl. motorways/freeways),5804.0,1000.0,132.0,34160.0,41115.0
2020,May,On motorways/freeways,1002.0,617.0,172.0,7936.0,9610.0
2020,May,Total,22381.0,4026.0,1196.0,150026.0,177557.0
2020,June,Inside built-up areas,18492.0,2673.0,995.0,117958.0,140118.0
2020,June,Outside built-up areas (excl. motorways/freeways),6238.0,1123.0,151.0,29947.0,37440.0
2020,June,On motorways/freeways,1363.0,889.0,56.0,8687.0,11008.0
2020,June,Total,26093.0,4685.0,1225.0,156592.0,188566.0
2020,July,Inside built-up areas,19575.0,2651.0,997.0,121829.0,198904.0
2020,July,Outside built-up areas (excl. motorways/freeways),7046.0,1209.0,153.0,33523.0,41950.0
2020,July,On motorways/freeways,1433.0,685.0,68.0,9728.0,11902.0
2020,July,Total,28054.0,4545.0,1237.0,165080.0,198904.0
2020,August,Inside built-up areas,19039.0,2708.0,1016.0,122194.0,145056.0
2020,August,Outside built-up areas (excl. motorways/freeways),6912.0,1156.0,188.0,31012.0,39242.0
2020,August,On motorways/freeways,1687.0,968.0,60.0,10006.0,12738.0
2020,August,Total,27638.0,4832.0,1306.0,163212.0,197036.0
2020,September,Inside built-up areas,20850.0,2932.0,822.0,133567.0,158365.0
2020,September,Outside built-up areas (excl. motorways/freeways),7167.0,3370.0,148.0,32754.0,41349.0
2020,September,On motorways/freeways,1547.0,713.0,62.0,10420.0,12748.0
2020,September,Total,29564.0,4920.0,1032.0,176741.0,212462.0
2020,October,Inside built-up areas,16566.0,2864.0,175.0,135880.0,214720.0
2020,October,Outside built-up areas (excl. motorways/freeways),5967.0,1529.0,90.0,37833.0,45517.0
2020,October,On motorways/freeways,1420.0,826.0,33.0,10023.0,12329.0
2020,October,Total,23953.0,5725.0,991.0,183736.0,183555.0
2020,November,Inside built-up areas,13288.0,1350.0,680.0,116965.0,133939.0
2020,November,Outside built-up areas (excl. motorways/freeways),4567.0,4757.0,151.0,34089.0,40154.0
2020,November,On motorways/freeways,1073.0,543.0,69.0,7784.0,9462.0
2020,November,Total,18928.0,5191.0,803.0,158838.0,168191.0
2020,December,Inside built-up areas,10732.0,2906.0,756.0,107086.0,168191.0
2020,December,Outside built-up areas (excl. motorways/freeways),3996.0,1503.0,175.0,31750.0,37424.0
2020,December,On motorways/freeways,1064.0,782.0,60.0,7381.0,9287.0
2020,December,Total,15792.0,5191.0,991.0,146217.0,168191.0
2021,January,Inside built-up areas,7768.0,2931.0,685.0,90942.0,102326.0
2021,January,Outside built-up areas (excl. motorways/freeways),3629.0,1918.0,163.0,31618.0,37328.0
2021,January,On motorways/freeways,999.0,1185.0,44.0,7246.0,9474.0
2021,January,Total,12396.0,6034.0,892.0,129806.0,149128.0
2021,February,Inside built-up areas,8384.0,2456.0,667.0,97502.0,109009.0
2021,February,Outside built-up areas (excl. motorways/freeways),3831.0,1393.0,132.0,28711.0,34067.0
2021,February,On motorways/freeways,943.0,908.0,48.0,7334.0,9233.0
2021,February,Total,13158.0,4757.0,847.0,133547.0,152309.0
2021,March,Inside built-up areas,11511.0,2478.0,711.0,114236.0,128936.0
2021,March,Outside built-up areas (excl. motorways/freeways),4299.0,1187.0,143.0,30560.0,36189.0
2021,March,On motorways/freeways,1109.0,701.0,53.0,7874.0,9737.0
2021,March,Total,16919.0,4366.0,907.0,152670.0,174862.0
2021,April,Inside built-up areas,11560.0,2464.0,850.0,106430.0,121141.0
2021,April,Outside built-up areas (excl. motorways/freeways),4646.0,1178.0,59.0,33469.0,39397.0
2021,April,On motorways/freeways,1075.0,681.0,65.0,8450.0,10265.0
2021,April,Total,17281.0,4323.0,1045.0,148349.0,170803.0
2021,May,Inside built-up areas,13873.0,2573.0,828.0,161723.0,132630.0
2021,May,Outside built-up areas (excl. motorways/freeways),5201.0,1124.0,139.0,36815.0,43292.0
2021,May,On motorways/freeways,1208.0,761.0,151.0,9552.0,11586.0
2021,May,Total,20282.0,4458.0,1217.0,179453.0,187508.0
2021,June,Inside built-up areas,21436.0,2847.0,1016.0,136376.0,161675.0
2021,June,Outside built-up areas (excl. motorways/freeways),7301.0,1235.0,152.0,32506.0,41181.0
2021,June,On motorways/freeways,1562.0,903.0,92.0,10571.0,13098.0
2021,June,Total,30299.0,4985.0,1348.0,173852.0,215954.0
2021,July,Inside built-up areas,19146.0,2779.0,1105.0,128029.0,208133.0
2021,July,Outside built-up areas (excl. motorways/freeways),6994.0,1315.0,185.0,34445.0,42905.0
2021,July,On motorways/freeways,1749.0,950.0,78.0,11378.0,14169.0
2021,July,Total,27889.0,5044.0,1403.0,168217.0,200013.0
2021,August,Inside built-up areas,17158.0,2810.0,1140.0,122806.0,41641.0
2021,August,Outside built-up areas (excl. motorways/freeways),6478.0,1299.0,182.0,33687.0,42512.0
2021,August,On motorways/freeways,1732.0,1012.0,93.0,11724.0,14533.0
2021,August,Total,25368.0,5121.0,1431.0,182028.0,217576.0
2021,September,Inside built-up areas,20440.0,2941.0,1297.0,136747.0,161268.0
2021,September,Outside built-up areas (excl. motorways/freeways),7175.0,3335.0,208.0,33872.0,13796.0
2021,September,On motorways/freeways,1608.0,701.0,65.0,11409.0,12406.0
2021,September,Total,29223.0,4922.0,1271.0,193184.0,225826.0
2021,October,Inside built-up areas,17686.0,3579.0,223.0,139429.0,210596.0
2021,October,Outside built-up areas (excl. motorways/freeways),6294.0,1482.0,104.0,41990.0,14272.0
2021,October,On motorways/freeways,1684.0,730.0,59.0,11765.0,11809.0
2021,October,Total,25664.0,5547.0,1271.0,181954.0,202230.0
2021,November,Inside built-up areas,14860.0,1742.0,687.0,133542.0,153005.0
2021,November,Outside built-up areas (excl. motorways/freeways),5008.0,6110.0,151.0,38227.0,45185.0
2021,November,On motorways/freeways,1367.0,789.0,62.0,10185.0,12406.0
2021,November,Total,21235.0,6731.0,850.0,174955.0,202230.0
2021,December,Inside built-up areas,13126.0,3790.0,967.0,130388.0,202230.0
2021,December,Outside built-up areas (excl. motorways/freeways),4776.0,1994.0,223.0,35157.0,42150.0
2021,December,On motorways/freeways,1371.0,947.0,81.0,9410.0,11809.0
2021,December,Total,19273.0,6731.0,1271.0,174955.0,202230.0
2022,January,Inside built-up areas,11371.0,3248.0,844.0,112189.0,127652.0
2022,January,Outside built-up areas (excl. motorways/freeways),4358.0,1626.0,196.0,32716.0,38896.0
2022,January,On motorways/freeways,1173.0,869.0,83.0,8234.0,10359.0
2022,January,Total,16902.0,5743.0,1123.0,153139.0,176907.0
2022,February,Inside built-up areas,10978.0,2733.0,879.0,110352.0,124942.0
2022,February,Outside built-up areas (excl. motorways/freeways),4050.0,1406.0,172.0,29117.0,34745.0
2022,February,On motorways/freeways,1183.0,782.0,66.0,8304.0,10335.0
2022,February,Total,16211.0,4921.0,1117.0,147773.0,170022.0
2022,March,Inside built-up areas,15688.0,2911.0,962.0,127053.0,146614.0
2022,March,Outside built-up areas (excl. motorways/freeways),4851.0,1069.0,173.0,28109.0,34202.0
2022,March,On motorways/freeways,1127.0,513.0,70.0,8497.0,10207.0
2022,March,Total,21666.0,4493.0,1205.0,163659.0,191023.0
2022,April,Inside built-up areas,14586.0,2990.0,1241.0,123345.0,141900.0
2022,April,Outside built-up areas (excl. motorways/freeways),5213.0,1339.0,189.0,35021.0,41762.0
2022,April,On motorways/freeways,1373.0,821.0,73.0,9905.0,12172.0
2022,April,Total,21172.0,5150.0,1348.0,168271.0,195834.0
2022,May,Inside built-up areas,21856.0,2990.0,1099.0,182230.0,160431.0
2022,May,Outside built-up areas (excl. motorways/freeways),6783.0,1153.0,174.0,36672.0,44782.0
2022,May,On motorways/freeways,1585.0,692.0,173.0,11072.0,13424.0
2022,May,Total,30224.0,4835.0,1353.0,169608.0,218637.0
2022,June,Inside built-up areas,21377.0,2761.0,1097.0,134486.0,152858.0
2022,June,Outside built-up areas (excl. motorways/freeways),6793.0,1116.0,167.0,31650.0,39726.0
2022,June,On motorways/freeways,1619.0,742.0,71.0,10335.0,12785.0
2022,June,Total,29789.0,4619.0,1364.0,164880.0,205369.0
2022,July,Inside built-up areas,20301.0,2711.0,1120.0,120355.0,199916.0
2022,July,Outside built-up areas (excl. motorways/freeways),7144.0,1159.0,171.0,34054.0,42530.0
2022,July,On motorways/freeways,1652.0,705.0,87.0,10471.0,12899.0
2022,July,Total,29097.0,4575.0,1314.0,165824.0,200560.0
2022,August,Inside built-up areas,20016.0,2619.0,1056.0,122493.0,40802.0
2022,August,Outside built-up areas (excl. motorways/freeways),7159.0,1144.0,234.0,32330.0,40926.0
2022,August,On motorways/freeways,1666.0,787.0,117.0,11001.0,13528.0
2022,August,Total,28841.0,4550.0,1520.0,177182.0,211473.0
2022,September,Inside built-up areas,19523.0,2955.0,1333.0,132627.0,156161.0
2022,September,Outside built-up areas (excl. motorways/freeways),6231.0,3273.0,200.0,33140.0,14386.0
2022,September,On motorways/freeways,1801.0,1083.0,85.0,11415.0,13889.0
2022,September,Total,27555.0,5422.0,1386.0,179839.0,213428.0
2022,October,Inside built-up areas,18499.0,3403.0,979.0,134972.0,157913.0
2022,October,Outside built-up areas (excl. motorways/freeways),6298.0,1471.0,189.0,33668.0,12501.0
2022,October,On motorways/freeways,1718.0,855.0,73.0,11199.0,12649.0
2022,October,Total,26515.0,5554.0,1333.0,184679.0,214744.0
2022,November,Inside built-up areas,16488.0,4026.0,1106.0,137779.0,158718.0
2022,November,Outside built-up areas (excl. motorways/freeways),5094.0,2005.0,169.0,36612.0,43377.0
2022,November,On motorways/freeways,1486.0,790.0,75.0,10288.0,12649.0
2022,November,Total,23068.0,7200.0,1386.0,181334.0,208552.0
2022,December,Inside built-up areas,12543.0,1169.0,213.0,135121.0,43255.0
2022,December,Outside built-up areas (excl. motorways/freeways),4717.0,1169.0,67.0,36320.0,12501.0
2022,December,On motorways/freeways,1372.0,1169.0,67.0,9893.0,12501.0
2022,December,Total,18632.0,1169.0,67.0,208552.0,12501.0
2023,January,Inside built-up areas,12397.0,3318.0,947.0,122054.0,138716.0
2023,January,Outside built-up areas (excl. motorways/freeways),4422.0,1687.0,202.0,35538.0,41849.0
2023,January,On motorways/freeways,1331.0,876.0,75.0,9247.0,11529.0
2023,January,Total,18150.0,5881.0,1224.0,166839.0,192094.0
2023,February,Inside built-up areas,11625.0,2958.0,866.0,116637.0,132086.0
2023,February,Outside built-up areas (excl. motorways/freeways),3976.0,1318.0,160.0,29385.0,34839.0
2023,February,On motorways/freeways,1251.0,707.0,70.0,9179.0,11207.0
2023,February,Total,16852.0,4983.0,1096.0,155201.0,178132.0
2023,March,Inside built-up areas,13828.0,3259.0,925.0,137984.0,155996.0
2023,March,Outside built-up areas (excl. motorways/freeways),4852.0,1547.0,184.0,32594.0,39177.0
2023,March,On motorways/freeways,1477.0,862.0,92.0,10645.0,13076.0
2023,March,Total,20157.0,5668.0,1201.0,181223.0,208249.0
2023,April,Inside built-up areas,13826.0,2853.0,989.0,126736.0,144404.0
2023,April,Outside built-up areas (excl. motorways/freeways),4789.0,1173.0,181.0,37012.0,43155.0
2023,April,On motorways/freeways,1447.0,723.0,81.0,10914.0,13165.0
2023,April,Total,20062.0,4749.0,1251.0,174662.0,200724.0
2023,May,Inside built-up areas,20236.0,2807.0,1092.0,140163.0,164298.0
2023,May,Outside built-up areas (excl. motorways/freeways),6732.0,1175.0,172.0,38606.0,46685.0
2023,May,On motorways/freeways,1626.0,688.0,88.0,12108.0,14510.0
2023,May,Total,28594.0,4670.0,1352.0,190877.0,225493.0
2023,June,Inside built-up areas,23586.0,2846.0,1114.0,138129.0,165675.0
2023,June,Outside built-up areas (excl. motorways/freeways),7554.0,1074.0,133.0,32785.0,41546.0
2023,June,On motorways/freeways,1658.0,702.0,80.0,11579.0,14019.0
2023,June,Total,32798.0,4622.0,1327.0,182493.0,221240.0
2023,July,Inside built-up areas,19890.0,2800.0,1161.0,125841.0,149692.0
2023,July,Outside built-up areas (excl. motorways/freeways),6925.0,1274.0,167.0,34219.0,42585.0
2023,July,On motorways/freeways,1845.0,965.0,98.0,11905.0,14813.0
2023,July,Total,28660.0,5039.0,1426.0,171965.0,207090.0
2023,August,Inside built-up areas,18074.0,2655.0,976.0,126590.0,148295.0
2023,August,Outside built-up areas (excl. motorways/freeways),6492.0,1236.0,192.0,31735.0,39655.0
2023,August,On motorways/freeways,1742.0,1070.0,80.0,11871.0,14763.0
2023,August,Total,26308.0,4961.0,1248.0,170196.0,202713.0
2023,September,Inside built-up areas,22362.0,2887.0,1139.0,137608.0,163996.0
2023,September,Outside built-up areas (excl. motorways/freeways),7566.0,1188.0,181.0,32113.0,41048.0
2023,September,On motorways/freeways,1728.0,732.0,70.0,11608.0,14138.0
2023,September,Total,31656.0,4807.0,1390.0,181329.0,219182.0
2023,October,Inside built-up areas,18216.0,3321.0,1053.0,137168.0,159758.0
2023,October,Outside built-up areas (excl. motorways/freeways),6057.0,1482.0,205.0,37382.0,45126.0
2023,October,On motorways/freeways,1617.0,973.0,94.0,11997.0,14681.0
2023,October,Total,25890.0,5776.0,1352.0,186547.0,219565.0
2023,November,Inside built-up areas,15828.0,3855.0,1051.0,142990.0,163724.0
2023,November,Outside built-up areas (excl. motorways/freeways),5368.0,2044.0,200.0,40279.0,47891.0
2023,November,On motorways/freeways,1699.0,1300.0,88.0,12623.0,15710.0
2023,November,Total,22895.0,7199.0,1339.0,195892.0,227325.0
2023,December,Inside built-up areas,11743.0,3457.0,976.0,135986.0,152162.0
2023,December,Outside built-up areas (excl. motorways/freeways),4505.0,1786.0,207.0,38912.0,45410.0
2023,December,On motorways/freeways,1456.0,998.0,64.0,11002.0,13520.0
2023,December,Total,17704.0,6241.0,1247.0,185900.0,211092.0
2024,January,Inside built-up areas,11638.0,3615.0,855.0,129659.0,145767.0
2024,January,Outside built-up areas (excl. motorways/freeways),4966.0,2070.0,165.0,36452.0,43653.0
2024,January,On motorways/freeways,1495.0,1187.0,64.0,11646.0,14392.0
2024,January,Total,18099.0,6872.0,1084.0,177757.0,203812.0
2024,February,Inside built-up areas,11838.0,2815.0,851.0,119188.0,134692.0
2024,February,Outside built-up areas (excl. motorways/freeways),3735.0,1179.0,188.0,28450.0,33552.0
2024,February,On motorways/freeways,1179.0,673.0,71.0,8893.0,10816.0
2024,February,Total,16752.0,4667.0,1110.0,156531.0,179060.0
2024,March,Inside built-up areas,14166.0,2918.0,897.0,130961.0,148942.0
2024,March,Outside built-up areas (excl. motorways/freeways),5010.0,1289.0,193.0,30037.0,36529.0
2024,March,On motorways/freeways,1436.0,692.0,77.0,10246.0,12451.0
2024,March,Total,20612.0,4899.0,1167.0,171244.0,197922.0
2024,April,Inside built-up areas,16812.0,3098.0,993.0,137450.0,158353.0
2024,April,Outside built-up areas (excl. motorways/freeways),5705.0,1288.0,156.0,37483.0,44632.0
2024,April,On motorways/freeways,1602.0,903.0,68.0,11415.0,13988.0
2024,April,Total,24119.0,5289.0,1217.0,186348.0,216973.0
2024,May,Inside built-up areas,20219.0,2949.0,995.0,137448.0,161611.0
2024,May,Outside built-up areas (excl. motorways/freeways),6690.0,1215.0,166.0,34155.0,42226.0
2024,May,On motorways/freeways,1751.0,970.0,76.0,11574.0,14371.0
2024,May,Total,28660.0,5134.0,1237.0,183177.0,218208.0
2024,June,Inside built-up areas,20444.0,2796.0,961.0,136438.0,160639.0
2024,June,Outside built-up areas (excl. motorways/freeways),6590.0,1175.0,169.0,32427.0,40361.0
2024,June,On motorways/freeways,1633.0,834.0,83.0,11095.0,13645.0
2024,June,Total,28667.0,4805.0,1213.0,179960.0,214645.0
2024,July,Inside built-up areas,20315.0,2789.0,1032.0,134621.0,158757.0
2024,July,Outside built-up areas (excl. motorways/freeways),6977.0,1243.0,163.0,33442.0,41825.0
2024,July,On motorways/freeways,1807.0,971.0,71.0,11674.0,14523.0
2024,July,Total,29099.0,5003.0,1266.0,179737.0,215105.0
2024,August,Inside built-up areas,19885.0,2554.0,968.0,125815.0,149222.0
2024,August,Outside built-up areas (excl. motorways/freeways),6854.0,1127.0,166.0,30641.0,38788.0
2024,August,On motorways/freeways,1765.0,782.0,84.0,11108.0,13739.0
2024,August,Total,28504.0,4463.0,1218.0,167564.0,201749.0
2024,September,Inside built-up areas,19369.0,2883.0,969.0,133217.0,156438.0
2024,September,Outside built-up areas (excl. motorways/freeways),6432.0,1291.0,169.0,33707.0,41599.0
2024,September,On motorways/freeways,1736.0,947.0,78.0,11434.0,14195.0
2024,September,Total,27537.0,5121.0,1216.0,178358.0,212232.0
2024,October,Inside built-up areas,16097.0,3095.0,970.0,136135.0,156297.0
2024,October,Outside built-up areas (excl. motorways/freeways),5407.0,1362.0,166.0,35863.0,42798.0
2024,October,On motorways/freeways,1612.0,756.0,72.0,12547.0,14987.0
2024,October,Total,23116.0,5213.0,1208.0,184545.0,214082.0
2024,November,Inside built-up areas,14501.0,3358.0,879.0,138378.0,157116.0
2024,November,Outside built-up areas (excl. motorways/freeways),4648.0,1615.0,171.0,36623.0,43057.0
2024,November,On motorways/freeways,1530.0,800.0,93.0,11198.0,13621.0
2024,November,Total,20679.0,5773.0,1143.0,186199.0,213794.0
2024,December,Inside built-up areas,,,,,
2024,December,Outside built-up areas (excl. motorways/freeways),,,,,
2024,December,On motorways/freeways,,,,,
2024,December,Total,,,,,
